id,name,language,description,watchers,pull_requests,commits,members,issues,bucket,include
27050,https://api.github.com/repos/webgme/webgme,JavaScript,Web-based Generic Modeling Environment,86,931,11424,0,1674,big,
62106110,https://api.github.com/repos/DevExpress/DevExtreme,JavaScript,HTML5 JavaScript Component Suite for Responsive Web Development,1114,7883,8953,0,8169,big,x
84665021,https://api.github.com/repos/mullvad/mullvadvpn-app,JavaScript,The Mullvad VPN client app for desktop and mobile,333,790,12632,0,877,big,
37152407,https://api.github.com/repos/linode/manager,JavaScript,The Linode manager,453,3313,6817,0,4976,big,
45284088,https://api.github.com/repos/webpack/webpack.js.org,JavaScript,New repository for webpack documentation!,1574,2192,6277,0,3097,big,x
28514697,https://api.github.com/repos/invoiceninja/invoiceninja,JavaScript,An open-source invoicing and time-tracking app built with Laravel,2688,716,7303,0,2387,big,
88807187,https://api.github.com/repos/OriginTrail/ot-node,JavaScript,OriginTrail alpha network node,91,898,6750,0,927,big,
29930350,https://api.github.com/repos/Flexberry/ember-flexberry,JavaScript,[WIP] Ember Flexberry Addon - SPA Framework powered by Ember.js.,6,718,5604,0,751,big,
34618833,https://api.github.com/repos/Microsoft/pxt,JavaScript,A kinder JavaScript experience,813,3217,18672,0,5574,big,x
51237091,https://api.github.com/repos/4dn-dcic/fourfront,JavaScript,website for submitting and viewing genomic data,5,814,9633,7,902,big,
11151702,https://api.github.com/repos/hapijs/lab,JavaScript,Test utility,735,381,751,22,820,popular,
11152003,https://api.github.com/repos/hapijs/good,JavaScript,Hapi process monitoring,557,205,372,22,478,popular,
9862004,https://api.github.com/repos/socketio/socket.io-client,JavaScript,Realtime application framework (client),3018,74,169,184,373,popular,
2887327,https://api.github.com/repos/bem/bem-core,JavaScript,BEM Core Library,287,823,3991,43,1633,popular,
760,https://api.github.com/repos/enyojs/enyo,JavaScript,A JavaScript application framework emphasizing modularity and encapsulation,2327,1388,5968,120,1435,popular,x
22045051,https://api.github.com/repos/trueadm/inferno,JavaScript,"An extremely fast, isomorphic JavaScript library for building modern user interfaces",7027,292,4383,22,595,popular,
9861851,https://api.github.com/repos/socketio/socket.io,JavaScript,Realtime application framework (Node.JS server),18609,359,169,184,1019,popular,x
10441,https://api.github.com/repos/mercadolibre/chico,JavaScript,A collection of easy-to-use UI components.,395,416,1579,473,1386,popular,
68183961,https://api.github.com/repos/siddharthkp/bundlesize,JavaScript,Keep your bundle size in check,3413,129,464,34,265,popular,x
11241246,https://api.github.com/repos/mapbox/mapbox-gl-styles,JavaScript,Prebuilt Mapbox GL styles for use in Mapbox GL JS or the Mapbox Mobile SDKs and as a starting point for custom maps built with Mapbox Studio,185,115,1039,59,331,popular,
9734683,https://api.github.com/repos/bpmn-io/diagram-js,JavaScript,A toolbox for displaying and modifying diagrams on the web,458,112,2667,11,322,medium,x
12240439,https://api.github.com/repos/Gapminder/vizabi,JavaScript,Vizabi is a framework for building visual data exploration tools freely provided by Gapminder [WARNING: Vizabi is in pre-alpha. Don't expect too much!],97,594,4081,12,1904,medium,
1884,https://api.github.com/repos/walmartlabs/thorax,JavaScript,Strengthening your Backbone,757,178,1670,62,430,medium,
22906,https://api.github.com/repos/mysqljs/mysql,JavaScript,A pure node.js JavaScript Client implementing the MySql protocol.,5544,270,1534,16,1441,medium,x
57673856,https://api.github.com/repos/climu/openstudyroom,JavaScript,website for openstudyroom.org,39,225,1136,10,380,medium,
4937892,https://api.github.com/repos/jspm/registry,JavaScript,The jspm registry and package.json override service,251,796,1447,11,1060,medium,x
22045051,https://api.github.com/repos/trueadm/inferno,JavaScript,"An extremely fast, isomorphic JavaScript library for building modern user interfaces",7027,292,4383,22,595,medium,
4604,https://api.github.com/repos/waterbearlang/waterbear,JavaScript,Visual block syntax for programming languages,343,514,2807,20,1333,medium,
1394906,https://api.github.com/repos/ether/etherpad-lite,JavaScript,Etherpad: Really real-time collaborative document editing,8325,1435,2942,17,3635,medium,
10441,https://api.github.com/repos/mercadolibre/chico,JavaScript,A collection of easy-to-use UI components.,395,416,1579,473,1386,medium,
123175937,https://api.github.com/repos/index-swf/biz-auto-form,JavaScript,,0,0,22,0,0,small,
104634723,https://api.github.com/repos/dozjs/doz-cli,JavaScript,Command line interface for Doz,1,0,25,0,0,small,
114169872,https://api.github.com/repos/fs-opensource/hercules,JavaScript,The one and only Vagrant box for all your projects,2,0,80,0,0,small,
60806581,https://api.github.com/repos/mike-goodwin/owasp-threat-dragon-desktop,JavaScript,An installable desktop variant of OWASP Threat Dragon,76,37,103,0,47,small,x
127336092,https://api.github.com/repos/wildapt01/job-hunter,JavaScript,,0,1,62,0,1,small,
85828479,https://api.github.com/repos/calocan/rescape-helpers,JavaScript,React component utilities,0,0,147,0,0,small,
28980969,https://api.github.com/repos/freaktechnik/moz-download-url,JavaScript,Get URLs to download mozilla products from,2,15,90,0,15,small,x
43174104,https://api.github.com/repos/matuszeman/bb-dic,JavaScript,A container,4,1,82,0,4,small,
31086274,https://api.github.com/repos/mjrussell/redux-auth-wrapper,JavaScript,A React Higher Order Component (HOC) for handling Authentication and Authorization with Redux and React-Router,2180,61,280,0,248,small,
59247893,https://api.github.com/repos/panter/catladder,JavaScript,experimental deploy tool for meteor apps,2,9,72,0,19,small,x
170988,https://api.github.com/repos/hibernate/hibernate-search,Java,Hibernate Search: full-text search for domain model,346,1952,8315,8,1987,big,x
12713,https://api.github.com/repos/apache/hive,Java,Mirror of Apache Hive,2389,619,17511,0,621,big,
96086758,https://api.github.com/repos/GoogleContainerTools/jib,Java,:sailboat: Build container images for your Java applications.,6774,851,5090,0,1549,big,
3102468,https://api.github.com/repos/otavanopisto/muikku,Java,Muikku Learning Environment,10,1464,15381,8,4621,big,x
12813026,https://api.github.com/repos/swagger-api/swagger-codegen,Java,swagger-codegen contains a template-driven engine to generate client code in different languages by parsing your Swagger Resource Declaration.,3911,2485,6925,3,4953,big,x
1447085,https://api.github.com/repos/datastax/java-driver,Java,DataStax Java Driver for Apache Cassandra,1070,1220,10130,5,1268,big,
22045790,https://api.github.com/repos/typetools/checker-framework,Java,Pluggable type-checking for Java,527,1304,8251,2,2191,big,
29167693,https://api.github.com/repos/apache/groovy,Java,Mirror of Apache Groovy,2732,770,6447,0,796,big,
11610797,https://api.github.com/repos/apache/storm,Java,Mirror of Apache Storm,6101,2783,7342,0,2869,big,
6970323,https://api.github.com/repos/eclipse/kura,Java,Kura project,295,1268,5029,0,2427,big,
10788607,https://api.github.com/repos/AzureAD/azure-activedirectory-library-for-android,Java,"The ADAL SDK for Android gives you the ability to add support for Work Accounts to your application with just a few lines of additional code. This SDK gives your application the full functionality of Microsoft Azure AD, including industry standard protoc",146,650,2921,23,1237,popular,
5778207,https://api.github.com/repos/caelum/vraptor4,Java,A Java web MVC action-based framework,371,789,3563,28,1186,popular,x
12973532,https://api.github.com/repos/spring-cloud/spring-cloud-aws,Java,Integration for Amazon Web Services APIs with Spring,359,123,4145,22,459,popular,x
70480,https://api.github.com/repos/Jasig/uPortal,Java,Enterprise open source portal built by and for the higher education community.,215,1634,15211,25,1726,popular,
5516,https://api.github.com/repos/geoserver/geoserver,Java,Official GeoServer repository,1577,3452,10217,30,3481,popular,
11121205,https://api.github.com/repos/codecentric/spring-boot-admin,Java,Admin UI for administration of spring boot applications,7302,184,1565,112,1181,popular,
3083,https://api.github.com/repos/floodlight/floodlight,Java,Floodlight SDN OpenFlow Controller,641,661,1189,41,810,popular,
22668,https://api.github.com/repos/Netflix/Priam,Java,"Co-Process for backup/recovery, Token Management, and Centralized Configuration management for Cassandra.",932,585,1069,103,798,popular,
11629878,https://api.github.com/repos/mulesoft/raml-for-jax-rs,Java,This project is all about two way transformation of JAX-RS-annotated Java code to  RAML API description and back.,222,49,476,178,212,popular,
9630652,https://api.github.com/repos/broadinstitute/picard,Java,A set of tools (in Java) for working with next generation sequencing data in the BAM (http://samtools.github.io/hts-specs) format.,471,797,6451,23,1313,popular,x
12353886,https://api.github.com/repos/usc-isi-i2/Web-Karma,Java,Information Integration Tool,415,79,1011,17,293,medium,
101209,https://api.github.com/repos/azkaban/azkaban,Java,Azkaban workflow manager.,2520,1254,1455,14,2057,medium,
978319,https://api.github.com/repos/perfectsense/dari,Java,Dari is a powerful data modeling framework that makes it easy to work with complex data structures and persist them to one or more database backends. It's been carefully crafted over years of experience with real-world challenges.,54,277,2676,44,305,medium,
44194967,https://api.github.com/repos/airbnb/epoxy,Java,,5511,316,1013,10,742,medium,
16416,https://api.github.com/repos/gephi/gephi,Java,Gephi - The Open Graph Viz Platform,3169,109,1042,10,2109,medium,
31054494,https://api.github.com/repos/FeatureIDE/FeatureIDE,Java,An extensible framework for feature-oriented software development,49,62,2506,45,655,medium,x
9770330,https://api.github.com/repos/sphereio/commercetools-sunrise-java,Java,The next generation shop template by commercetools,7,64,1026,12,262,medium,x
168861,https://api.github.com/repos/hhru/nuts-and-bolts,Java,Maintainers: Федотов,14,184,2139,50,188,medium,
35039,https://api.github.com/repos/AxonFramework/AxonFramework,Java,High Performance and Scalability framework for Java,1596,461,4461,10,1058,medium,
24741,https://api.github.com/repos/threerings/playn,Java,Legacy 1.x version of PlayN library.,172,52,1229,15,78,medium,x
34580988,https://api.github.com/repos/plusCubed/velociraptor,Java,Floating speed limit monitor for Android,119,9,305,0,110,small,
133889277,https://api.github.com/repos/florin141/password-generator,Java,,0,0,27,0,0,small,
129895024,https://api.github.com/repos/AreXe/SpringPortal,Java,Webapp made in Spring and Hibernate,1,3,29,0,3,small,x
8353018,https://api.github.com/repos/ragerri/ixa-pipe-convert,Java,It converts corpora formats,1,1,176,0,3,small,x
41102638,https://api.github.com/repos/Ensembl/gti-genesearch,Java,,0,1,47,1,1,small,
20703704,https://api.github.com/repos/lukashinsch/spring-boot-actuator-user-agent-metrics,Java,Filter to log user agent statistics as spring boot actuator metrics,5,4,31,0,8,small,
130668650,https://api.github.com/repos/Unalo/greeting-in-java,Java,,0,0,70,0,0,small,
115093682,https://api.github.com/repos/duncte123/loadingBar,Java,Drawing with java,4,1,24,0,1,small,
124089474,https://api.github.com/repos/pkiraly/metadata-qa-wikidata,Java,Quality assessment for the bibliographic records of Wikidata,0,0,64,1,11,small,x
11518129,https://api.github.com/repos/usgs/nshmp-haz,Java,National Seismic Hazard Mapping Program codes,14,257,894,1,415,small,
5342282,https://api.github.com/repos/getnikola/nikola,Python,A static website and blog generator,1857,1355,7312,18,3265,big,
85826024,https://api.github.com/repos/dimagi/commcare-cloud,Python,,5,1597,7568,3,1643,big,
10389042,https://api.github.com/repos/Vauxoo/addons-vauxoo,Python,"All our modules related to developments that solves generic issues on Odoo, or that solve internal problems on Odoo Core, if something is here, maybe it is solving an issue in your company, try it and report what you see.",154,1196,9607,0,1370,big,
10609599,https://api.github.com/repos/OCA/server-tools,Python,Tools for Odoo Administrators to improve some technical features on Odoo.,323,1271,6217,22,1621,big,
15925013,https://api.github.com/repos/liqd/adhocracy3,Python,Adhocracy 3 with customizations for various projects,6,919,5720,0,1244,big,
22196424,https://api.github.com/repos/uclouvain/osis,Python,Open Student Information System,53,3946,20340,0,5159,big,x
31118150,https://api.github.com/repos/learningequality/kolibri,Python,"This is where Kolibri shall be born, watch and participate!",276,3345,9719,0,5484,big,
1361727,https://api.github.com/repos/quantopian/zipline,Python,"Zipline, a Pythonic Algorithmic Trading Library",9021,1633,16881,5,2438,big,x
49365164,https://api.github.com/repos/PennyDreadfulMTG/Penny-Dreadful-Tools,Python,,24,1265,6203,0,6043,big,
18914789,https://api.github.com/repos/mozilla/treeherder,Python,Dashboard & service for managing CI data for Mozilla projects,157,3799,16958,1,3902,big,x
825924,https://api.github.com/repos/unknown-horizons/unknown-horizons,Python,Unknown Horizons official code repository,1084,569,12023,37,2969,popular,
10545408,https://api.github.com/repos/Netflix/security_monkey,Python,Security Monkey,3624,645,1628,157,1180,popular,x
18059067,https://api.github.com/repos/fchollet/keras,Python,"Deep Learning library for Python. Convnets, recurrent neural networks, and more. Runs on Theano and TensorFlow.",23304,2423,3953,21,8748,popular,
497205,https://api.github.com/repos/nengo/nengo,Python,A Python library for creating and simulating large-scale brain models,150,194,2375,25,568,popular,x
201224,https://api.github.com/repos/enthought/traitsui,Python,TraitsUI: Traits-capable windowing framework,177,323,2123,74,562,popular,
41728,https://api.github.com/repos/praekelt/vumi,Python,"Messaging engine for the delivery of SMS, Star Menu and chat messages to diverse audiences in emerging markets and beyond.",384,828,7604,22,1397,popular,
12841,https://api.github.com/repos/naparuba/shinken,Python,Flexible and scalable monitoring framework,1192,734,5474,23,2024,popular,
28175,https://api.github.com/repos/enthought/chaco,Python,Chaco is a Python package for building interactive and custom 2-D plots.,237,266,1952,83,453,popular,
10483614,https://api.github.com/repos/OCA/account-financial-tools,Python,Odoo Accountant Financial Tools and Utils,128,722,4593,22,862,popular,x
67524,https://api.github.com/repos/splunk/splunk-sdk-python,Python,Splunk Software Development Kit for Python,373,133,1178,58,254,popular,
35000563,https://api.github.com/repos/usharesoft/appcenter-docs,Python,UForge AppCenter and UForge Marketplace documentation,4,1000,1457,17,1015,medium,
30965,https://api.github.com/repos/hasgeek/hasjob,Python,"Hasjob, the HasGeek job board",216,253,2189,12,531,medium,
12108153,https://api.github.com/repos/hjwp/Book-TDD-Web-Dev-Python,Python,Book - TDD web dev with Python,286,64,3647,14,87,medium,x
10571510,https://api.github.com/repos/OCA/l10n-switzerland,Python,Odoo Swiss localization,28,372,2305,22,491,medium,
12826987,https://api.github.com/repos/certtools/intelmq,Python,"IntelMQ is a solution to process data feeds, pastebins, tweets throught a message queue.",478,554,4158,16,1283,medium,
66437551,https://api.github.com/repos/lessersunda/lexirumah-data,Python,Data for the lexirumah clld,0,3,1184,12,100,medium,
21082618,https://api.github.com/repos/manahl/arctic,Python,High performance datastore for time series and tick data,1592,336,1479,12,772,medium,
10507892,https://api.github.com/repos/OCA/account-closing,Python,Odoo Accountant closing tools,23,95,1248,22,116,medium,
11014727,https://api.github.com/repos/project8/morpho,Python,,3,37,1153,26,115,medium,x
32649477,https://api.github.com/repos/ocadotechnology/aimmo,Python,"A Massively Multi-player Online game, where players create Artificially Intelligent programs to play on their behalf.",73,375,3363,21,1000,medium,x
43147025,https://api.github.com/repos/biologyguy/RD-MCL,Python,Recursive Dynamic Markov clustering,9,2,802,0,13,small,
34586593,https://api.github.com/repos/markkorput/py2030,Python,Controller software for the visuals of the 2030 performance,0,0,438,0,8,small,
96610408,https://api.github.com/repos/langmead-lab/FORGe,Python,Code for building and testing variant ranking strategies,10,1,139,0,3,small,
83071691,https://api.github.com/repos/databio/pypiper,Python,Python toolkit for building restartable pipelines,11,23,281,1,94,small,x
128399064,https://api.github.com/repos/danielhers/synsem,Python,,0,0,99,0,0,small,
111382572,https://api.github.com/repos/intuit/oauth-pythonclient,Python,The Python OAuth client provides a set of methods that make it easier to work with Intuit's OAuth and OpenID implementation.,14,5,29,0,9,small,x
113989116,https://api.github.com/repos/Tinywan/automated-test,Python,自动化测试,1,2,38,0,2,small,
129254894,https://api.github.com/repos/annamamonova/education,Python,,0,0,42,0,0,small,
22053475,https://api.github.com/repos/Sinkler/django-radiogrid,Python,Django radio grid field,23,2,45,0,2,small,x
54087484,https://api.github.com/repos/swiftstack/swift-metadata-sync,Python,Propagate OpenStack Swift object metadata into Elasticsearch,9,11,88,0,12,small,
46357,https://api.github.com/repos/rspec/rspec-core,Ruby,RSpec runner and formatters,1032,1351,6560,9,2624,big,
12031,https://api.github.com/repos/rubinius/rubinius,Ruby,The Rubinius Language Platform,3244,1258,13705,108,3924,big,
775774,https://api.github.com/repos/opal/opal,Ruby,Ruby to JavaScript compiler,3983,961,7351,0,1969,big,
24031769,https://api.github.com/repos/nasa/earthdata-search,Ruby,"Earthdata Search is a web application developed by NASA EOSDIS to enable data discovery, search, comparison, visualization, and access across EOSDIS' Earth Science data holdings.",504,801,6133,0,813,big,x
15985174,https://api.github.com/repos/rmosolgo/graphql-ruby,Ruby,Ruby implementation of Facebook's GraphQL,3758,1247,5296,5,2319,big,x
27944752,https://api.github.com/repos/rpherbig/dr-scripts,Ruby,A series of Lich (https://lichproject.org/) scripts for use in DragonRealms (http://www.play.net/dr/).,36,1945,6626,1,3560,big,
19611001,https://api.github.com/repos/kontena/kontena,Ruby,"Container platform built to maximize developer happiness. Works on any cloud, easy to setup, simple to use.",1476,1935,10727,0,3359,big,
54802,https://api.github.com/repos/openstreetmap/openstreetmap-website,Ruby,Mirror of the Rails application powering http://www.openstreetmap.org (hosted at git://git.openstreetmap.org/rails.git),1009,979,5551,2,2278,big,x
19181,https://api.github.com/repos/citation-style-language/styles,Ruby,Official repository for Citation Style Language (CSL) citation styles.,1787,3721,6022,7,4286,big,
2812,https://api.github.com/repos/diaspora/diaspora,Ruby,"A privacy-aware, distributed, open source social network.",14539,3413,18333,30,8411,big,
17919,https://api.github.com/repos/spree-contrib/spree_i18n,Ruby,I18n translation files for Spree Commerce.,251,358,716,34,495,popular,
2417769,https://api.github.com/repos/chef-cookbooks/jenkins,Ruby,Development repository for Jenkins Chef cookbook,198,224,616,31,406,popular,
4068,https://api.github.com/repos/jruby/jruby,Ruby,"JRuby, an implementation of Ruby on the JVM",3582,2021,37934,22,5832,popular,x
3829631,https://api.github.com/repos/puppetlabs/puppetlabs-postgresql,Ruby,Puppet module for managing PostgreSQL,235,953,1105,173,1096,popular,x
2812,https://api.github.com/repos/diaspora/diaspora,Ruby,"A privacy-aware, distributed, open source social network.",14539,3413,18333,30,8411,popular,
2367064,https://api.github.com/repos/asciidoctor/asciidoctor,Ruby,":gem: A fast, open source text processor and publishing toolchain, written in Ruby, for converting AsciiDoc content to HTML5, DocBook 5 (or 4.5) and other formats.",2622,1334,3360,38,3312,popular,
11492956,https://api.github.com/repos/rightscale/praxis,Ruby,Praxis is a framework that focuses on both the design and implementation aspects of creating APIs.,257,186,550,85,315,popular,x
7347,https://api.github.com/repos/MarkUsProject/Markus,Ruby,Git repository of MarkUs,229,2506,6519,112,3772,popular,
17589,https://api.github.com/repos/thoughtbot/shoulda-matchers,Ruby,Collection of testing matchers extracted from Shoulda,2638,589,2549,85,1222,popular,
10126,https://api.github.com/repos/puppetlabs/puppetlabs-ntp,Ruby,Puppet module to manage the NTP service,166,487,704,171,519,popular,
16166,https://api.github.com/repos/guard/guard,Ruby,Guard is a command line tool to easily handle events on file system modifications.,6701,369,1429,13,937,medium,x
11713160,https://api.github.com/repos/instedd/nuntium,Ruby,InSTEDD Messaging Platform,3,13,2038,16,42,medium,
12885,https://api.github.com/repos/sferik/rails_admin,Ruby,RailsAdmin is a Rails engine that provides an easy-to-use interface for managing your data,7711,1009,2666,13,3156,medium,
12258,https://api.github.com/repos/plataformatec/devise,Ruby,Flexible authentication solution for Rails with Warden.,21581,1207,3154,27,5102,medium,
976121,https://api.github.com/repos/puzzle/cryptopus,Ruby,"Cryptopus is a ruby on rails web application for storing and sharing passwords and other sensitive data. All data is stored encrypted in a database, safe from third party access.",51,83,1954,10,166,medium,x
352633,https://api.github.com/repos/rapid7/metasploit_data_models,Ruby,"MSF database code, gemified",35,177,1444,32,183,medium,
129845,https://api.github.com/repos/yast/yast-packager,Ruby,YaST module packager,6,436,2396,30,447,medium,
40080,https://api.github.com/repos/concerto/concerto,Ruby,Concerto Digital Signage System,303,400,3609,14,1504,medium,x
17586268,https://api.github.com/repos/rubytogether/rubytogether.org,Ruby,The Ruby Together website,69,112,1651,10,139,medium,
59344,https://api.github.com/repos/travis-ci/travis-hub,Ruby,"Processes Job state updates from Travis Worker, as well as enqueuing Jobs.",70,177,2064,45,187,medium,
2788679,https://api.github.com/repos/jgraichen/decorate-responder,Ruby,A Rails responder to decorate resources.,2,5,25,1,5,small,
112289510,https://api.github.com/repos/K-Sato1995/spell_generator,Ruby,,7,8,24,0,19,small,
28205499,https://api.github.com/repos/bankscrap/bankscrap,Ruby,Ruby gem to extract balance and transactions from banks.,119,21,103,0,33,small,x
79036489,https://api.github.com/repos/lolcommits/lolcommits-yammer,Ruby,Post lolcommits to Yammer,0,2,33,0,2,small,
1378498,https://api.github.com/repos/mutle/fu2,Ruby,private community forum-like software,6,110,701,1,169,small,x
20734148,https://api.github.com/repos/10sr/homebrew-pkg,Ruby,Personal Homebrew Fomulae,0,4,83,0,8,small,
20436328,https://api.github.com/repos/neillturner/kitchen-cloudformation,Ruby,A Test Kitchen Driver for Amazon AWS CloudFormation.,13,2,80,0,6,small,
24000112,https://api.github.com/repos/groonga/fluent-plugin-groonga-query-log,Ruby,A Fluentd plugin for parsing Groonga's query log,0,7,32,0,7,small,
77007565,https://api.github.com/repos/smartsheet-platform/smartsheet-ruby-sdk,Ruby,Library that uses Ruby to connect to Smartsheet services.,4,46,179,1,47,small,
21288210,https://api.github.com/repos/discourse/discourse-solved,Ruby,Allow accepted answers on topics,88,72,183,0,73,small,x
75424982,https://api.github.com/repos/culturagovbr/salic-minc,PHP,,25,1321,13215,0,2106,big,
9316,https://api.github.com/repos/cakephp/cakephp,PHP,CakePHP: The Rapid Development Framework for PHP - Official Repository,9668,7837,32695,19,13587,big,x
18268975,https://api.github.com/repos/open-orchestra/open-orchestra-cms-bundle,PHP,The open orchestra cms bundle,8,1509,9109,0,1654,big,
29905327,https://api.github.com/repos/moderntribe/event-tickets,PHP,Standalone Tickets Framework,38,1160,7628,1,1182,big,
16523213,https://api.github.com/repos/WordImpress/Give,PHP,Democratizing Generosity - The best way to accept donations on WordPress,187,1625,8666,1,3666,big,
3230576,https://api.github.com/repos/pressbooks/pressbooks,PHP,Pressbooks – the CMS for books,253,877,5542,5,1610,big,
75139013,https://api.github.com/repos/RectorPHP/Rector,PHP,AST based PHP refactoring of Nette or Symfony application to most recent versions,1277,860,8444,2,1452,big,x
4747,https://api.github.com/repos/SimpleMachines/SMF2.1,PHP,"Thoughts, Ideas and bits of code for SMF (2.1)",403,3453,5353,11,5697,big,
174642,https://api.github.com/repos/Sylius/Sylius,PHP,eCommerce PHP framework built on top of Symfony with component-based architecture and format-agnostic rendering. (HTML/JSON/XML),5328,6332,14735,7,10235,big,x
3452,https://api.github.com/repos/LimeSurvey/LimeSurvey,PHP,The most popular FOSS online survey tool on the web.,1242,1269,18724,30,1290,big,
12183949,https://api.github.com/repos/woothemes/storefront,PHP,,283,97,961,36,459,popular,
1165,https://api.github.com/repos/concrete5/concrete5,PHP,Official repository for concrete5 development,1235,5051,13734,27,7453,popular,
80421,https://api.github.com/repos/liip/LiipImagineBundle,PHP,Symfony Bundle to assist in imagine manipulation using the imagine library,1132,541,743,60,1200,popular,x
3182,https://api.github.com/repos/cartalyst/sentry,PHP,[DEPRECATED] A framework agnostic authentication & authorization system.,1931,178,608,482,548,popular,
6965976,https://api.github.com/repos/Automattic/jetpack,PHP,"Your WordPress, streamlined.",1111,6795,49999,166,12112,popular,
37434686,https://api.github.com/repos/Submitty/Submitty,PHP,A suite of UX and autograding changes to the homework server used at RPI.,167,1885,14492,25,3477,popular,
4221,https://api.github.com/repos/symfony-cmf/cmf-sandbox,PHP,Base project for trying CMF components integration,431,237,1499,39,414,popular,x
83569,https://api.github.com/repos/liip/LiipFunctionalTestBundle,PHP,Some helper classes for writing functional tests in Symfony2,504,320,445,40,503,popular,
3245727,https://api.github.com/repos/easydigitaldownloads/Easy-Digital-Downloads,PHP,Sell digital downloads through WordPress,768,3099,15433,54,7251,popular,x
3452,https://api.github.com/repos/LimeSurvey/LimeSurvey,PHP,The most popular FOSS online survey tool on the web.,1242,1269,18724,30,1290,popular,
4221,https://api.github.com/repos/symfony-cmf/cmf-sandbox,PHP,Base project for trying CMF components integration,431,237,1499,39,414,medium,
14661,https://api.github.com/repos/symphonycms/symphony-2,PHP,This is the official Symphony CMS repository.,682,941,4259,14,2555,medium,
26666,https://api.github.com/repos/ruflin/Elastica,PHP,Elastica is a PHP client for elasticsearch,1995,1048,1991,12,1677,medium,x
3452582,https://api.github.com/repos/ingenesis/shopp,PHP,An ecommerce development framework plugin for WordPress,62,350,2699,12,1740,medium,
42065,https://api.github.com/repos/novius-os/core,PHP,,15,292,3531,12,314,medium,
24524,https://api.github.com/repos/atk4/atk4,PHP,"Agile Toolkit is a PHP framework for developing Powerful Web Applications. Inspired by Desktop Toolkits (QT, Cocoa, .NET) it provides clever web application framework for developers with any skill level. Agile Toolkit is licensed under MIT",213,488,3805,10,773,medium,x
10214591,https://api.github.com/repos/omeka/omeka-s,PHP,"Omeka S is a web publication system for universities, galleries, libraries, archives, and museums. It consists of a local network of independently curated exhibits sharing a collaboratively built pool of items, media, and their metadata. This software is",155,295,4933,10,1414,medium,
22097489,https://api.github.com/repos/l3pufg/tainacan,PHP,,8,1,1114,12,2,medium,
148161,https://api.github.com/repos/cakephp/cakepackages,PHP,"Self-contained application that automatically tracks cakephp developer's open source code repositories, including applications and plugins",58,19,1128,21,83,medium,x
88778,https://api.github.com/repos/mapbender/mapbender-starter,PHP,Mapbender3 starter project,29,86,2488,11,91,medium,
14763016,https://api.github.com/repos/satanasov/pmsearch,PHP,PM Search,5,9,28,0,10,small,x
52099166,https://api.github.com/repos/php-translation/symfony-bundle,PHP,,205,185,545,0,303,small,
34333547,https://api.github.com/repos/spryker/Checkout,PHP,[READ ONLY] Subtree split of the Checkout bundle.,0,0,266,2,0,small,
23818051,https://api.github.com/repos/OpenClassrooms/DoctrineCacheExtensionBundle,PHP,,0,1,35,0,1,small,
51236374,https://api.github.com/repos/yawik/StackoverflowApi,PHP,Yawik module to push and manage jobs to/with the API from talent.stackoverflow.com,2,1,41,0,10,small,x
1745,https://api.github.com/repos/umpirsky/Transliterator,PHP,Transliterator is a PHP library for text transliteration.,55,7,46,1,12,small,
120140657,https://api.github.com/repos/goneio/AppCore,PHP,,0,1,24,0,1,small,
28232081,https://api.github.com/repos/Lakion/ApiTestCase,PHP,Handy PHPUnit test case for testing JSON APIs in your Symfony applications.,177,96,316,0,122,small,x
70383165,https://api.github.com/repos/CleanTalk/phpbb3.1-3.2-antispam,PHP,,1,1,114,0,4,small,
38046500,https://api.github.com/repos/inpsyde/Inpsyde-Validator,PHP,Inpsyde Validator library,11,2,52,0,5,small,
4712205,https://api.github.com/repos/cuberite/cuberite,C++,A custom Minecraft compatible game server written in C++,693,1040,8395,7,2254,big,x
8221199,https://api.github.com/repos/OpenMW/openmw,C++,OpenMW is an unofficial open source engine reimplementation of the game Morrowind.,2824,2315,6635,0,2358,big,
3386856,https://api.github.com/repos/dartsim/dart,C++,Dynamic Animation and Robotics Toolkit,342,736,7934,13,1253,big,
8246028,https://api.github.com/repos/wesnoth/wesnoth,C++,"Free, turn-based strategy game with a high fantasy theme, featuring both single-player, and online/hotseat multiplayer combat.",2384,1859,24099,0,4485,big,x
138791,https://api.github.com/repos/mawww/kakoune,C++,mawww's experiment for a better code editor,4417,1277,6077,1,2936,big,x
101350,https://api.github.com/repos/kduske/TrenchBroom,C++,Cross-Platform Level Editor,515,560,6413,5,2783,big,
6359,https://api.github.com/repos/scummvm/scummvm,C++,ScummVM main repository,1171,1631,78134,49,1654,big,
7414525,https://api.github.com/repos/supertuxkart/stk-code,C++,The code base of supertuxkart,1576,607,10820,0,4834,big,
10649973,https://api.github.com/repos/opensim-org/opensim-core,C++,"SimTK OpenSim 4.0 C++ libraries and command-line applications, and Java/Python wrapping.",237,1167,14372,12,2383,big,
34957,https://api.github.com/repos/PX4/Firmware,C++,PX4 Pro Autopilot Software,2824,7273,63827,8,12193,big,
5389187,https://api.github.com/repos/qgis/QGIS,C++,"QGIS is a free, open source, cross platform (lin/win/mac) geographical information system (GIS)",2790,9787,38949,29,10119,popular,
59074,https://api.github.com/repos/ReadyTalk/avian,C++,"Avian is a lightweight virtual machine and class library designed to provide a useful subset of Java's features, suitable for building self-contained applications.",1255,426,3758,23,573,popular,
6359,https://api.github.com/repos/scummvm/scummvm,C++,ScummVM main repository,1171,1631,78134,49,1654,popular,
813649,https://api.github.com/repos/rdiankov/openrave,C++,"Open Robotics Automation Virtual Environment: An environment for testing, developing, and deploying robotics motion planning algorithms.",325,241,3523,24,678,popular,
39075,https://api.github.com/repos/danmar/cppcheck,C++,static analysis of C/C++ code,2404,1847,15817,26,1868,popular,x
6163,https://api.github.com/repos/moai/moai-dev,C++,"This is the development repo of Moai SDK. Current, but not necessarily tested or stable.",899,514,4283,43,1225,popular,
13159881,https://api.github.com/repos/facebook/proxygen,C++,A collection of C++ HTTP libraries including an easy to use HTTP server.,6109,89,3957,21,257,popular,x
11005911,https://api.github.com/repos/leapmotion/autowiring,C++,A C++ Inversion of Control Framework,137,986,7243,31,1043,popular,x
3132805,https://api.github.com/repos/cocos2d/cocos2d-js,C++,cocos2d-x for JS,1779,1207,1884,13,1879,medium,
5545020,https://api.github.com/repos/adrien-matta/nptool,C++,"NPTool, a ROOT/Geant4 based framework for Nuclear Physics",25,2,2262,23,56,medium,
813649,https://api.github.com/repos/rdiankov/openrave,C++,"Open Robotics Automation Virtual Environment: An environment for testing, developing, and deploying robotics motion planning algorithms.",325,241,3523,24,678,medium,
89205,https://api.github.com/repos/losalamos/CLAMR,C++,Cell-Based Adaptive Mesh Refinement,32,25,1087,16,28,medium,
57440,https://api.github.com/repos/mroonga/mroonga,C++,A MySQL pluggable storage engine based on Groonga,140,86,4614,13,242,medium,
19742095,https://api.github.com/repos/I2PC/scipion,C++,Scipion is an image processing framework to obtain 3D models of macromolecular complexes using Electron Microscopy (3DEM),7,16,2615,18,193,medium,
4757845,https://api.github.com/repos/ComputationalRadiationPhysics/picongpu,C++,PIConGPU - A particle-in-cell code for GPGPUs,556,2094,4364,14,2971,medium,x
17904032,https://api.github.com/repos/jredmondson/gams,C++,"Home of the Group Autonomy for Mobile Systems project, based at CMU",15,82,1395,16,83,medium,x
804235,https://api.github.com/repos/stnava/ANTs,C++,Advanced Normalization Tools (ANTs),175,140,2153,11,491,medium,x
50619,https://api.github.com/repos/stepcode/stepcode,C++,"STEPcode (formerly NIST's STEP Class Library) is used with IFC, STEP, and other standards that utilize the technologies of ISO10303 (STEP). It generates C++ and Python from EXPRESS (10303-11) schemas. The code is capable of reading and writing STEP Part",195,245,2390,16,393,medium,
79902434,https://api.github.com/repos/netromdk/dispar,C++,Dispar - Disassemling binary parser,13,1,235,0,28,small,
11646472,https://api.github.com/repos/bgrimstad/splinter,C++,"Library of multivariate splines (B-spline, P-spline, Thin-plate spline, and more) implemented in C++.",41,7,237,2,9,small,
31995086,https://api.github.com/repos/electronicarts/EASTL,C++,EASTL stands for Electronic Arts Standard Template Library.  It is an extensive and robust implementation that has an emphasis on high performance.,4172,146,540,0,280,small,x
129161254,https://api.github.com/repos/lukh/microparcel,C++,Microparcel is a serialization/deserialization class implemented in c++,0,0,21,0,0,small,
135392218,https://api.github.com/repos/robertcampion/observation-scheduling-tool,C++,Helps telescopes schedule astronomical observations,1,4,160,0,4,small,
128400423,https://api.github.com/repos/frankkopp/FrankyCPP,C++,Re-Learning C++ by migrating Franky Chess Engine to C++,0,0,52,0,0,small,x
127955029,https://api.github.com/repos/WelderFoundation/WelderEngineRevamp,C++,Major overhaul of the Zero Engine and renaming to Welder.,1,1,916,0,1,small,
90620901,https://api.github.com/repos/waterloop/wlib,C++,Embedded STL Library in C++,1,14,55,0,23,small,
32769007,https://api.github.com/repos/mraggi/discreture,C++,"A modern C++ library for efficiently and easily iterating through common combinatorial objects, such as combinations, subsets, partitions and more.",17,3,269,1,5,small,x
32299093,https://api.github.com/repos/GT-RAIL/rail_segmentation,C++,Segmentation Functionality from the RAIL Lab,2,6,34,0,7,small,